ID,Age,Sex,Subject_x,Math_Score,Subject_y,Physics_score,Subject_z,DS_score
1,18,1,Maths,88.0,Physics,84.0,Data Structue,82.0
2,19,1,Maths,85.0,Physics,81.0,Data Structue,79.0
3,19,1,Maths,45.0,Physics,41.0,Data Structue,39.0
4,18,1,Maths,82.0,Physics,78.0,Data Structue,76.0
5,18,2,Maths,82.0,Physics,78.0,Data Structue,76.0
6,20,1,Maths,95.0,Physics,91.0,Data Structue,89.0
7,18,1,Maths,95.0,Physics,91.0,Data Structue,89.0
8,19,1,Maths,65.0,Physics,61.0,Data Structue,59.0
9,18,1,Maths,88.0,Physics,84.0,Data Structue,82.0
10,19,2,Maths,88.0,Physics,84.0,Data Structue,82.0
11,20,1,Maths,53.0,Physics,49.0,Data Structue,47.0
12,20,1,Maths,53.0,Physics,49.0,Data Structue,47.0
13,19,1,Maths,66.0,Physics,62.0,Data Structue,60.0
14,18,1,Maths,88.0,Physics,84.0,Data Structue,82.0
15,21,2,Maths,88.0,Physics,84.0,Data Structue,82.0
16,20,1,Maths,82.0,Physics,78.0,Data Structue,76.0
17,18,1,Maths,31.0,Physics,70.59865092748736,Data Structue,25.0
18,18,1,Maths,95.0,Physics,91.0,Data Structue,89.0
19,18,1,Maths,91.0,Physics,87.0,Data Structue,85.0
20,18,2,Maths,66.0,Physics,62.0,Data Structue,60.0
21,18,1,Maths,82.0,Physics,78.0,Data Structue,76.0
22,18,1,Maths,66.0,Physics,62.0,Data Structue,60.0
23,18,1,Maths,75.0,Physics,71.0,Data Structue,69.0
24,19,1,Maths,65.0,Physics,61.0,Data Structue,59.0
25,20,2,Maths,91.0,Physics,87.0,Data Structue,85.0
26,18,1,Maths,91.0,Physics,87.0,Data Structue,85.0
27,20,1,Maths,53.0,Physics,49.0,Data Structue,47.0
28,20,1,Maths,91.0,Physics,87.0,Data Structue,85.0
29,21,1,Maths,88.0,Physics,84.0,Data Structue,82.0
30,19,2,Maths,85.0,Physics,81.0,Data Structue,79.0
31,20,1,Maths,75.0,Physics,71.0,Data Structue,69.0
32,21,1,Maths,66.0,Physics,62.0,Data Structue,60.0
33,19,1,Maths,45.0,Physics,41.0,Data Structue,39.0
34,18,1,Maths,66.0,Physics,94.0,Data Structue,68.36717428087987
35,20,2,Maths,53.0,Physics,49.0,Data Structue,47.0
36,19,1,Maths,65.0,Physics,61.0,Data Structue,59.0
37,18,1,Maths,53.0,Physics,49.0,Data Structue,47.0
38,20,1,Maths,75.0,Physics,71.0,Data Structue,69.0
39,18,1,Maths,45.0,Physics,41.0,Data Structue,39.0
40,19,2,Maths,66.0,Physics,62.0,Data Structue,60.0
41,20,1,Maths,75.0,Physics,71.0,Data Structue,69.0
42,20,1,Maths,95.0,Physics,91.0,Data Structue,89.0
43,21,1,Maths,65.0,Physics,61.0,Data Structue,59.0
44,18,1,Maths,85.0,Physics,81.0,Data Structue,79.0
45,20,2,Maths,82.0,Physics,78.0,Data Structue,76.0
46,21,1,Maths,65.0,Physics,61.0,Data Structue,59.0
47,21,1,Maths,85.0,Physics,81.0,Data Structue,79.0
48,18,1,Maths,82.0,Physics,78.0,Data Structue,76.0
49,18,1,Maths,65.0,Physics,61.0,Data Structue,59.0
50,19,2,Maths,66.0,Physics,62.0,Data Structue,60.0
51,18,1,Maths,82.0,Physics,78.0,Data Structue,76.0
52,19,1,Maths,88.0,Physics,84.0,Data Structue,82.0
53,19,1,Maths,74.3489932885906,Physics,41.0,Data Structue,39.0
54,20,1,Maths,95.0,Physics,91.0,Data Structue,89.0
55,21,2,Maths,88.0,Physics,84.0,Data Structue,82.0
56,18,1,Maths,91.0,Physics,87.0,Data Structue,85.0
57,20,1,Maths,53.0,Physics,49.0,Data Structue,47.0
58,20,1,Maths,75.0,Physics,71.0,Data Structue,69.0
59,20,1,Maths,75.0,Physics,71.0,Data Structue,69.0
60,18,2,Maths,95.0,Physics,91.0,Data Structue,89.0
61,19,1,Maths,88.0,Physics,84.0,Data Structue,82.0
62,18,1,Maths,53.0,Physics,49.0,Data Structue,47.0
63,20,1,Maths,82.0,Physics,78.0,Data Structue,76.0
64,18,1,Maths,82.0,Physics,78.0,Data Structue,76.0
65,21,2,Maths,85.0,Physics,81.0,Data Structue,79.0
66,21,1,Maths,45.0,Physics,70.59865092748736,Data Structue,39.0
67,20,1,Maths,75.0,Physics,71.0,Data Structue,69.0
68,21,1,Maths,66.0,Physics,62.0,Data Structue,60.0
69,19,1,Maths,45.0,Physics,41.0,Data Structue,39.0
70,20,2,Maths,75.0,Physics,71.0,Data Structue,69.0
71,20,1,Maths,53.0,Physics,49.0,Data Structue,47.0
72,21,1,Maths,65.0,Physics,61.0,Data Structue,59.0
73,20,1,Maths,53.0,Physics,49.0,Data Structue,47.0
74,19,1,Maths,85.0,Physics,81.0,Data Structue,79.0
75,18,2,Maths,82.0,Physics,78.0,Data Structue,76.0
76,20,1,Maths,95.0,Physics,91.0,Data Structue,89.0
77,19,1,Maths,66.0,Physics,62.0,Data Structue,60.0
78,20,1,Maths,53.0,Physics,49.0,Data Structue,47.0
79,18,1,Maths,65.0,Physics,61.0,Data Structue,59.0
80,19,2,Maths,85.0,Physics,81.0,Data Structue,79.0
81,19,1,Maths,88.0,Physics,84.0,Data Structue,82.0
82,18,1,Maths,95.0,Physics,91.0,Data Structue,89.0
83,20,1,Maths,53.0,Physics,49.0,Data Structue,47.0
84,19,1,Maths,45.0,Physics,41.0,Data Structue,39.0
85,21,2,Maths,45.0,Physics,41.0,Data Structue,39.0
86,18,1,Maths,85.0,Physics,81.0,Data Structue,79.0
87,19,1,Maths,45.0,Physics,90.0,Data Structue,68.36717428087987
88,21,1,Maths,85.0,Physics,81.0,Data Structue,79.0
89,18,1,Maths,45.0,Physics,41.0,Data Structue,39.0
90,21,2,Maths,45.0,Physics,41.0,Data Structue,39.0
91,19,1,Maths,85.0,Physics,70.59865092748736,Data Structue,79.0
92,19,1,Maths,88.0,Physics,84.0,Data Structue,82.0
93,19,1,Maths,85.0,Physics,81.0,Data Structue,79.0
94,18,1,Maths,91.0,Physics,87.0,Data Structue,85.0
95,19,2,Maths,65.0,Physics,61.0,Data Structue,59.0
96,18,1,Maths,75.0,Physics,71.0,Data Structue,69.0
97,19,1,Maths,88.0,Physics,84.0,Data Structue,82.0
98,18,1,Maths,95.0,Physics,91.0,Data Structue,89.0
99,21,1,Maths,65.0,Physics,61.0,Data Structue,59.0
100,19,2,Maths,65.0,Physics,61.0,Data Structue,59.0
101,18,1,Maths,45.0,Physics,41.0,Data Structue,39.0
102,20,1,Maths,53.0,Physics,49.0,Data Structue,47.0
103,18,1,Maths,95.0,Physics,91.0,Data Structue,89.0
104,21,1,Maths,66.0,Physics,62.0,Data Structue,60.0
105,18,2,Maths,82.0,Physics,78.0,Data Structue,76.0
106,19,1,Maths,65.0,Physics,61.0,Data Structue,59.0
107,21,1,Maths,45.0,Physics,70.59865092748736,Data Structue,39.0
108,21,1,Maths,85.0,Physics,81.0,Data Structue,79.0
109,19,1,Maths,45.0,Physics,70.59865092748736,Data Structue,39.0
110,21,2,Maths,85.0,Physics,81.0,Data Structue,79.0
111,21,1,Maths,65.0,Physics,61.0,Data Structue,59.0
112,18,1,Maths,85.0,Physics,81.0,Data Structue,79.0
113,19,1,Maths,88.0,Physics,84.0,Data Structue,82.0
114,19,1,Maths,45.0,Physics,41.0,Data Structue,39.0
115,20,2,Maths,95.0,Physics,91.0,Data Structue,89.0
116,21,1,Maths,88.0,Physics,84.0,Data Structue,82.0
117,18,1,Maths,75.0,Physics,71.0,Data Structue,69.0
118,20,1,Maths,53.0,Physics,49.0,Data Structue,47.0
119,20,1,Maths,82.0,Physics,78.0,Data Structue,76.0
120,21,2,Maths,85.0,Physics,81.0,Data Structue,79.0
121,18,1,Maths,91.0,Physics,87.0,Data Structue,85.0
122,18,1,Maths,88.0,Physics,70.59865092748736,Data Structue,82.0
123,21,1,Maths,85.0,Physics,81.0,Data Structue,79.0
124,19,1,Maths,45.0,Physics,41.0,Data Structue,39.0
125,18,2,Maths,53.0,Physics,49.0,Data Structue,47.0
126,20,1,Maths,95.0,Physics,91.0,Data Structue,89.0
127,21,1,Maths,45.0,Physics,41.0,Data Structue,39.0
128,20,1,Maths,75.0,Physics,71.0,Data Structue,69.0
129,21,1,Maths,66.0,Physics,62.0,Data Structue,60.0
130,18,2,Maths,75.0,Physics,71.0,Data Structue,69.0
131,18,1,Maths,66.0,Physics,62.0,Data Structue,60.0
132,20,1,Maths,75.0,Physics,71.0,Data Structue,69.0
133,18,1,Maths,53.0,Physics,49.0,Data Structue,47.0
134,18,1,Maths,85.0,Physics,81.0,Data Structue,79.0
135,18,2,Maths,85.0,Physics,81.0,Data Structue,79.0
136,21,1,Maths,65.0,Physics,61.0,Data Structue,59.0
137,21,1,Maths,65.0,Physics,61.0,Data Structue,59.0
138,20,1,Maths,91.0,Physics,87.0,Data Structue,85.0
139,21,1,Maths,85.0,Physics,81.0,Data Structue,79.0
140,21,2,Maths,45.0,Physics,88.0,Data Structue,68.36717428087987
141,18,1,Maths,82.0,Physics,78.0,Data Structue,76.0
142,20,1,Maths,95.0,Physics,91.0,Data Structue,89.0
143,18,1,Maths,85.0,Physics,81.0,Data Structue,79.0
144,18,1,Maths,66.0,Physics,62.0,Data Structue,60.0
145,21,2,Maths,88.0,Physics,84.0,Data Structue,82.0
146,20,1,Maths,82.0,Physics,78.0,Data Structue,76.0
147,18,1,Maths,53.0,Physics,49.0,Data Structue,47.0
148,19,1,Maths,88.0,Physics,84.0,Data Structue,82.0
149,18,1,Maths,45.0,Physics,41.0,Data Structue,39.0
150,21,2,Maths,65.0,Physics,61.0,Data Structue,59.0
151,18,1,Maths,95.0,Physics,91.0,Data Structue,89.0
152,18,1,Maths,31.0,Physics,27.0,Data Structue,25.0
153,18,1,Maths,66.0,Physics,62.0,Data Structue,60.0
154,19,1,Maths,45.0,Physics,41.0,Data Structue,39.0
155,18,2,Maths,53.0,Physics,49.0,Data Structue,47.0
156,19,1,Maths,45.0,Physics,41.0,Data Structue,39.0
157,18,1,Maths,53.0,Physics,49.0,Data Structue,47.0
158,18,1,Maths,91.0,Physics,87.0,Data Structue,85.0
159,19,1,Maths,85.0,Physics,81.0,Data Structue,79.0
160,18,2,Maths,53.0,Physics,49.0,Data Structue,47.0
161,18,1,Maths,88.0,Physics,84.0,Data Structue,82.0
162,18,1,Maths,88.0,Physics,81.0,Data Structue,68.36717428087987
163,18,1,Maths,82.0,Physics,78.0,Data Structue,76.0
164,19,1,Maths,85.0,Physics,81.0,Data Structue,79.0
165,18,2,Maths,45.0,Physics,41.0,Data Structue,39.0
166,20,1,Maths,82.0,Physics,78.0,Data Structue,76.0
167,18,1,Maths,91.0,Physics,87.0,Data Structue,85.0
168,19,1,Maths,65.0,Physics,61.0,Data Structue,59.0
169,19,1,Maths,65.0,Physics,61.0,Data Structue,59.0
170,18,2,Maths,75.0,Physics,71.0,Data Structue,69.0
171,18,1,Maths,88.0,Physics,84.0,Data Structue,82.0
172,18,1,Maths,65.0,Physics,61.0,Data Structue,59.0
173,20,1,Maths,53.0,Physics,49.0,Data Structue,47.0
174,19,1,Maths,88.0,Physics,84.0,Data Structue,82.0
175,19,2,Maths,45.0,Physics,41.0,Data Structue,39.0
176,18,1,Maths,95.0,Physics,91.0,Data Structue,89.0
177,18,1,Maths,75.0,Physics,71.0,Data Structue,69.0
178,20,1,Maths,53.0,Physics,49.0,Data Structue,47.0
179,18,1,Maths,53.0,Physics,49.0,Data Structue,47.0
180,18,2,Maths,95.0,Physics,91.0,Data Structue,89.0
181,20,1,Maths,95.0,Physics,91.0,Data Structue,89.0
182,19,1,Maths,85.0,Physics,81.0,Data Structue,79.0
183,19,1,Maths,88.0,Physics,84.0,Data Structue,82.0
184,19,1,Maths,88.0,Physics,84.0,Data Structue,82.0
185,20,2,Maths,95.0,Physics,91.0,Data Structue,89.0
186,20,1,Maths,75.0,Physics,71.0,Data Structue,69.0
187,20,1,Maths,75.0,Physics,71.0,Data Structue,69.0
188,20,1,Maths,95.0,Physics,91.0,Data Structue,89.0
189,20,1,Maths,91.0,Physics,87.0,Data Structue,85.0
190,18,2,Maths,82.0,Physics,78.0,Data Structue,76.0
191,19,1,Maths,85.0,Physics,81.0,Data Structue,79.0
192,18,1,Maths,91.0,Physics,87.0,Data Structue,85.0
193,19,1,Maths,85.0,Physics,81.0,Data Structue,79.0
194,21,1,Maths,85.0,Physics,81.0,Data Structue,79.0
195,20,2,Maths,91.0,Physics,87.0,Data Structue,85.0
196,18,1,Maths,91.0,Physics,87.0,Data Structue,85.0
197,21,1,Maths,85.0,Physics,81.0,Data Structue,79.0
198,20,1,Maths,95.0,Physics,91.0,Data Structue,89.0
199,21,1,Maths,88.0,Physics,84.0,Data Structue,82.0
200,18,2,Maths,53.0,Physics,49.0,Data Structue,47.0
201,18,1,Maths,66.0,Physics,62.0,Data Structue,60.0
202,20,1,Maths,91.0,Physics,87.0,Data Structue,85.0
203,19,1,Maths,45.0,Physics,41.0,Data Structue,39.0
204,19,1,Maths,85.0,Physics,81.0,Data Structue,79.0
205,18,2,Maths,82.0,Physics,78.0,Data Structue,76.0
206,19,1,Maths,66.0,Physics,62.0,Data Structue,60.0
207,20,1,Maths,75.0,Physics,71.0,Data Structue,69.0
208,18,1,Maths,75.0,Physics,71.0,Data Structue,69.0
209,18,1,Maths,95.0,Physics,91.0,Data Structue,89.0
210,19,2,Maths,66.0,Physics,62.0,Data Structue,60.0
211,21,1,Maths,66.0,Physics,62.0,Data Structue,60.0
212,19,1,Maths,88.0,Physics,84.0,Data Structue,82.0
213,19,1,Maths,88.0,Physics,84.0,Data Structue,82.0
214,18,1,Maths,75.0,Physics,71.0,Data Structue,69.0
215,19,2,Maths,66.0,Physics,62.0,Data Structue,60.0
216,19,1,Maths,88.0,Physics,69.0,Data Structue,68.36717428087987
217,20,1,Maths,82.0,Physics,78.0,Data Structue,76.0
218,18,1,Maths,82.0,Physics,78.0,Data Structue,76.0
219,19,1,Maths,45.0,Physics,41.0,Data Structue,39.0
220,18,2,Maths,95.0,Physics,91.0,Data Structue,89.0
221,19,1,Maths,66.0,Physics,62.0,Data Structue,60.0
222,21,1,Maths,85.0,Physics,81.0,Data Structue,79.0
223,18,1,Maths,82.0,Physics,78.0,Data Structue,76.0
224,18,1,Maths,91.0,Physics,87.0,Data Structue,85.0
225,21,2,Maths,85.0,Physics,81.0,Data Structue,79.0
226,20,1,Maths,95.0,Physics,91.0,Data Structue,89.0
227,20,1,Maths,53.0,Physics,49.0,Data Structue,47.0
228,20,1,Maths,91.0,Physics,87.0,Data Structue,85.0
229,19,1,Maths,45.0,Physics,41.0,Data Structue,39.0
230,18,2,Maths,65.0,Physics,61.0,Data Structue,59.0
231,20,1,Maths,75.0,Physics,71.0,Data Structue,69.0
232,18,1,Maths,91.0,Physics,87.0,Data Structue,85.0
233,20,1,Maths,53.0,Physics,49.0,Data Structue,47.0
234,18,1,Maths,53.0,Physics,49.0,Data Structue,47.0
235,18,2,Maths,53.0,Physics,49.0,Data Structue,47.0
236,18,1,Maths,95.0,Physics,91.0,Data Structue,89.0
237,20,1,Maths,75.0,Physics,71.0,Data Structue,69.0
238,20,1,Maths,95.0,Physics,91.0,Data Structue,89.0
239,18,1,Maths,82.0,Physics,78.0,Data Structue,76.0
240,18,2,Maths,53.0,Physics,49.0,Data Structue,47.0
241,18,1,Maths,95.0,Physics,91.0,Data Structue,89.0
242,20,1,Maths,75.0,Physics,71.0,Data Structue,69.0
243,18,1,Maths,66.0,Physics,62.0,Data Structue,60.0
244,20,1,Maths,91.0,Physics,87.0,Data Structue,85.0
245,20,2,Maths,91.0,Physics,87.0,Data Structue,85.0
246,18,1,Maths,85.0,Physics,81.0,Data Structue,79.0
247,20,1,Maths,75.0,Physics,71.0,Data Structue,69.0
248,18,1,Maths,66.0,Physics,62.0,Data Structue,60.0
249,20,1,Maths,75.0,Physics,71.0,Data Structue,69.0
250,19,2,Maths,88.0,Physics,84.0,Data Structue,82.0
251,18,1,Maths,88.0,Physics,84.0,Data Structue,82.0
252,20,1,Maths,82.0,Physics,78.0,Data Structue,76.0
253,18,1,Maths,65.0,Physics,61.0,Data Structue,59.0
254,19,1,Maths,45.0,Physics,41.0,Data Structue,39.0
255,18,2,Maths,85.0,Physics,81.0,Data Structue,79.0
256,19,1,Maths,65.0,Physics,61.0,Data Structue,59.0
257,20,1,Maths,75.0,Physics,71.0,Data Structue,69.0
258,18,1,Maths,75.0,Physics,71.0,Data Structue,69.0
259,20,1,Maths,53.0,Physics,49.0,Data Structue,47.0
260,18,2,Maths,45.0,Physics,41.0,Data Structue,39.0
261,18,1,Maths,91.0,Physics,87.0,Data Structue,85.0
262,18,1,Maths,95.0,Physics,91.0,Data Structue,89.0
263,18,1,Maths,95.0,Physics,91.0,Data Structue,89.0
264,20,1,Maths,82.0,Physics,78.0,Data Structue,76.0
265,18,2,Maths,53.0,Physics,49.0,Data Structue,47.0
266,21,1,Maths,66.0,Physics,62.0,Data Structue,60.0
267,19,1,Maths,45.0,Physics,41.0,Data Structue,39.0
268,20,1,Maths,82.0,Physics,78.0,Data Structue,76.0
269,19,1,Maths,65.0,Physics,61.0,Data Structue,59.0
270,19,2,Maths,65.0,Physics,61.0,Data Structue,59.0
271,21,1,Maths,88.0,Physics,84.0,Data Structue,82.0
272,20,1,Maths,82.0,Physics,78.0,Data Structue,76.0
273,18,1,Maths,95.0,Physics,91.0,Data Structue,89.0
274,20,1,Maths,53.0,Physics,49.0,Data Structue,47.0
275,18,2,Maths,91.0,Physics,87.0,Data Structue,85.0
276,19,1,Maths,65.0,Physics,61.0,Data Structue,59.0
277,19,1,Maths,65.0,Physics,61.0,Data Structue,59.0
278,18,1,Maths,91.0,Physics,87.0,Data Structue,85.0
279,18,1,Maths,66.0,Physics,62.0,Data Structue,60.0
280,19,2,Maths,65.0,Physics,61.0,Data Structue,59.0
281,19,1,Maths,45.0,Physics,41.0,Data Structue,39.0
282,20,1,Maths,91.0,Physics,87.0,Data Structue,85.0
283,21,1,Maths,45.0,Physics,41.0,Data Structue,39.0
284,20,1,Maths,53.0,Physics,49.0,Data Structue,47.0
285,18,2,Maths,75.0,Physics,71.0,Data Structue,69.0
286,18,1,Maths,53.0,Physics,49.0,Data Structue,47.0
287,18,1,Maths,95.0,Physics,91.0,Data Structue,89.0
288,18,1,Maths,95.0,Physics,91.0,Data Structue,89.0
289,19,1,Maths,85.0,Physics,81.0,Data Structue,79.0
290,20,2,Maths,91.0,Physics,87.0,Data Structue,85.0
291,19,1,Maths,66.0,Physics,62.0,Data Structue,60.0
292,20,1,Maths,95.0,Physics,91.0,Data Structue,89.0
293,19,1,Maths,88.0,Physics,84.0,Data Structue,82.0
294,19,1,Maths,85.0,Physics,81.0,Data Structue,79.0
295,18,2,Maths,66.0,Physics,62.0,Data Structue,60.0
296,20,1,Maths,95.0,Physics,91.0,Data Structue,89.0
297,18,1,Maths,91.0,Physics,87.0,Data Structue,85.0
298,20,1,Maths,95.0,Physics,91.0,Data Structue,89.0
299,18,1,Maths,85.0,Physics,81.0,Data Structue,79.0
300,18,2,Maths,91.0,Physics,87.0,Data Structue,85.0
301,19,1,Maths,64.0,Physics,60.0,Data Structue,58.0
302,18,1,Maths,53.0,Physics,49.0,Data Structue,47.0
303,19,1,Maths,85.0,Physics,81.0,Data Structue,79.0
304,21,1,Maths,66.0,Physics,62.0,Data Structue,60.0
305,20,2,Maths,53.0,Physics,49.0,Data Structue,47.0
306,20,1,Maths,82.0,Physics,78.0,Data Structue,76.0
307,18,1,Maths,75.0,Physics,71.0,Data Structue,69.0
308,18,1,Maths,75.0,Physics,71.0,Data Structue,69.0
309,19,1,Maths,64.0,Physics,60.0,Data Structue,58.0
310,19,2,Maths,88.0,Physics,84.0,Data Structue,82.0
311,20,1,Maths,91.0,Physics,87.0,Data Structue,85.0
312,18,1,Maths,75.0,Physics,71.0,Data Structue,69.0
313,21,1,Maths,66.0,Physics,62.0,Data Structue,60.0
314,18,1,Maths,82.0,Physics,78.0,Data Structue,76.0
315,21,2,Maths,45.0,Physics,41.0,Data Structue,39.0
316,19,1,Maths,66.0,Physics,62.0,Data Structue,60.0
317,19,1,Maths,66.0,Physics,62.0,Data Structue,60.0
318,20,1,Maths,91.0,Physics,87.0,Data Structue,85.0
319,19,1,Maths,66.0,Physics,62.0,Data Structue,60.0
320,18,2,Maths,75.0,Physics,71.0,Data Structue,69.0
321,20,1,Maths,91.0,Physics,87.0,Data Structue,85.0
322,18,1,Maths,45.0,Physics,41.0,Data Structue,39.0
323,18,1,Maths,75.0,Physics,71.0,Data Structue,69.0
324,20,1,Maths,75.0,Physics,71.0,Data Structue,69.0
325,21,2,Maths,65.0,Physics,61.0,Data Structue,59.0
326,19,1,Maths,66.0,Physics,62.0,Data Structue,60.0
327,19,1,Maths,85.0,Physics,81.0,Data Structue,79.0
328,21,1,Maths,65.0,Physics,61.0,Data Structue,59.0
329,20,1,Maths,95.0,Physics,91.0,Data Structue,89.0
330,18,2,Maths,95.0,Physics,91.0,Data Structue,89.0
331,18,1,Maths,95.0,Physics,91.0,Data Structue,89.0
332,20,1,Maths,53.0,Physics,49.0,Data Structue,47.0
333,19,1,Maths,66.0,Physics,62.0,Data Structue,60.0
334,18,1,Maths,66.0,Physics,62.0,Data Structue,60.0
335,20,2,Maths,53.0,Physics,49.0,Data Structue,47.0
336,20,1,Maths,95.0,Physics,91.0,Data Structue,89.0
337,20,1,Maths,91.0,Physics,87.0,Data Structue,85.0
338,19,1,Maths,65.0,Physics,61.0,Data Structue,59.0
339,18,1,Maths,88.0,Physics,84.0,Data Structue,82.0
340,21,2,Maths,88.0,Physics,84.0,Data Structue,82.0
341,19,1,Maths,65.0,Physics,61.0,Data Structue,59.0
342,19,1,Maths,66.0,Physics,62.0,Data Structue,60.0
343,21,1,Maths,66.0,Physics,62.0,Data Structue,60.0
344,18,1,Maths,45.0,Physics,41.0,Data Structue,39.0
345,21,2,Maths,88.0,Physics,84.0,Data Structue,82.0
346,20,1,Maths,95.0,Physics,91.0,Data Structue,89.0
347,19,1,Maths,66.0,Physics,62.0,Data Structue,60.0
348,18,1,Maths,91.0,Physics,87.0,Data Structue,85.0
349,19,1,Maths,85.0,Physics,81.0,Data Structue,79.0
350,19,2,Maths,65.0,Physics,61.0,Data Structue,59.0
351,18,1,Maths,75.0,Physics,71.0,Data Structue,69.0
352,18,1,Maths,31.0,Physics,27.0,Data Structue,25.0
353,18,1,Maths,65.0,Physics,61.0,Data Structue,59.0
354,18,1,Maths,95.0,Physics,91.0,Data Structue,89.0
355,20,2,Maths,82.0,Physics,78.0,Data Structue,76.0
356,18,1,Maths,82.0,Physics,78.0,Data Structue,76.0
357,18,1,Maths,65.0,Physics,61.0,Data Structue,59.0
358,21,1,Maths,88.0,Physics,84.0,Data Structue,82.0
359,18,1,Maths,75.0,Physics,71.0,Data Structue,69.0
360,21,2,Maths,45.0,Physics,41.0,Data Structue,39.0
361,18,1,Maths,45.0,Physics,41.0,Data Structue,39.0
362,20,1,Maths,75.0,Physics,71.0,Data Structue,69.0
363,19,1,Maths,88.0,Physics,84.0,Data Structue,82.0
364,19,1,Maths,85.0,Physics,81.0,Data Structue,79.0
365,19,2,Maths,66.0,Physics,62.0,Data Structue,60.0
366,18,1,Maths,66.0,Physics,62.0,Data Structue,60.0
367,20,1,Maths,75.0,Physics,71.0,Data Structue,69.0
368,20,1,Maths,75.0,Physics,71.0,Data Structue,69.0
369,19,1,Maths,45.0,Physics,41.0,Data Structue,39.0
370,20,2,Maths,91.0,Physics,87.0,Data Structue,85.0
371,18,1,Maths,91.0,Physics,87.0,Data Structue,85.0
372,18,1,Maths,82.0,Physics,78.0,Data Structue,76.0
373,20,1,Maths,75.0,Physics,71.0,Data Structue,69.0
374,20,1,Maths,91.0,Physics,87.0,Data Structue,85.0
375,19,2,Maths,88.0,Physics,84.0,Data Structue,82.0
376,21,1,Maths,88.0,Physics,84.0,Data Structue,82.0
377,19,1,Maths,66.0,Physics,62.0,Data Structue,60.0
378,18,1,Maths,95.0,Physics,91.0,Data Structue,89.0
379,18,1,Maths,45.0,Physics,41.0,Data Structue,39.0
380,20,2,Maths,53.0,Physics,49.0,Data Structue,47.0
381,20,1,Maths,91.0,Physics,87.0,Data Structue,85.0
382,18,1,Maths,75.0,Physics,71.0,Data Structue,69.0
383,21,1,Maths,66.0,Physics,62.0,Data Structue,60.0
384,19,1,Maths,66.0,Physics,62.0,Data Structue,60.0
385,20,2,Maths,91.0,Physics,87.0,Data Structue,85.0
386,18,1,Maths,85.0,Physics,81.0,Data Structue,79.0
387,20,1,Maths,82.0,Physics,78.0,Data Structue,76.0
388,19,1,Maths,66.0,Physics,62.0,Data Structue,60.0
389,18,1,Maths,75.0,Physics,71.0,Data Structue,69.0
390,18,2,Maths,91.0,Physics,87.0,Data Structue,85.0
391,19,1,Maths,45.0,Physics,41.0,Data Structue,39.0
392,20,1,Maths,74.3489932885906,Physics,78.0,Data Structue,76.0
393,20,1,Maths,91.0,Physics,87.0,Data Structue,85.0
394,18,1,Maths,75.0,Physics,71.0,Data Structue,69.0
395,20,2,Maths,82.0,Physics,78.0,Data Structue,76.0
396,20,1,Maths,95.0,Physics,91.0,Data Structue,89.0
397,19,1,Maths,88.0,Physics,84.0,Data Structue,82.0
398,19,1,Maths,65.0,Physics,61.0,Data Structue,59.0
399,21,1,Maths,85.0,Physics,81.0,Data Structue,79.0
400,18,2,Maths,91.0,Physics,87.0,Data Structue,85.0
401,20,1,Maths,91.0,Physics,87.0,Data Structue,85.0
402,20,1,Maths,53.0,Physics,49.0,Data Structue,47.0
403,20,1,Maths,95.0,Physics,91.0,Data Structue,89.0
404,18,1,Maths,95.0,Physics,91.0,Data Structue,89.0
405,18,2,Maths,53.0,Physics,49.0,Data Structue,47.0
406,19,1,Maths,45.0,Physics,41.0,Data Structue,39.0
407,18,1,Maths,75.0,Physics,71.0,Data Structue,69.0
408,18,1,Maths,65.0,Physics,61.0,Data Structue,59.0
409,19,1,Maths,45.0,Physics,41.0,Data Structue,39.0
410,18,2,Maths,82.0,Physics,78.0,Data Structue,76.0
411,18,1,Maths,82.0,Physics,78.0,Data Structue,76.0
412,19,1,Maths,66.0,Physics,62.0,Data Structue,60.0
413,21,1,Maths,65.0,Physics,61.0,Data Structue,59.0
414,19,1,Maths,66.0,Physics,62.0,Data Structue,60.0
415,18,2,Maths,95.0,Physics,91.0,Data Structue,89.0
416,21,1,Maths,45.0,Physics,41.0,Data Structue,39.0
417,19,1,Maths,65.0,Physics,61.0,Data Structue,59.0
418,19,1,Maths,88.0,Physics,57.0,Data Structue,68.36717428087987
419,19,1,Maths,65.0,Physics,61.0,Data Structue,59.0
420,18,2,Maths,85.0,Physics,81.0,Data Structue,79.0
421,18,1,Maths,75.0,Physics,71.0,Data Structue,69.0
422,20,1,Maths,82.0,Physics,78.0,Data Structue,76.0
423,20,1,Maths,82.0,Physics,78.0,Data Structue,76.0
424,21,1,Maths,66.0,Physics,62.0,Data Structue,60.0
425,19,2,Maths,85.0,Physics,81.0,Data Structue,79.0
426,18,1,Maths,75.0,Physics,71.0,Data Structue,69.0
427,20,1,Maths,91.0,Physics,87.0,Data Structue,85.0
428,19,1,Maths,65.0,Physics,61.0,Data Structue,59.0
429,20,1,Maths,82.0,Physics,78.0,Data Structue,76.0
430,18,2,Maths,45.0,Physics,41.0,Data Structue,39.0
431,20,1,Maths,95.0,Physics,91.0,Data Structue,89.0
432,18,1,Maths,88.0,Physics,84.0,Data Structue,82.0
433,18,1,Maths,53.0,Physics,49.0,Data Structue,47.0
434,18,1,Maths,82.0,Physics,78.0,Data Structue,76.0
435,19,2,Maths,66.0,Physics,62.0,Data Structue,60.0
436,20,1,Maths,91.0,Physics,87.0,Data Structue,85.0
437,18,1,Maths,45.0,Physics,41.0,Data Structue,39.0
438,18,1,Maths,53.0,Physics,49.0,Data Structue,47.0
439,19,1,Maths,85.0,Physics,81.0,Data Structue,79.0
440,18,2,Maths,91.0,Physics,87.0,Data Structue,85.0
441,18,1,Maths,53.0,Physics,49.0,Data Structue,47.0
442,19,1,Maths,88.0,Physics,84.0,Data Structue,82.0
443,18,1,Maths,85.0,Physics,81.0,Data Structue,79.0
444,19,1,Maths,45.0,Physics,41.0,Data Structue,39.0
445,18,2,Maths,53.0,Physics,49.0,Data Structue,47.0
446,20,1,Maths,75.0,Physics,71.0,Data Structue,69.0
447,19,1,Maths,85.0,Physics,81.0,Data Structue,79.0
448,19,1,Maths,66.0,Physics,62.0,Data Structue,60.0
449,20,1,Maths,82.0,Physics,78.0,Data Structue,76.0
450,19,2,Maths,85.0,Physics,81.0,Data Structue,79.0
451,20,1,Maths,82.0,Physics,78.0,Data Structue,76.0
452,18,1,Maths,82.0,Physics,78.0,Data Structue,76.0
453,18,1,Maths,95.0,Physics,91.0,Data Structue,89.0
454,19,1,Maths,85.0,Physics,81.0,Data Structue,79.0
455,20,2,Maths,75.0,Physics,71.0,Data Structue,69.0
456,20,1,Maths,91.0,Physics,87.0,Data Structue,85.0
457,18,1,Maths,95.0,Physics,91.0,Data Structue,89.0
458,20,1,Maths,95.0,Physics,91.0,Data Structue,89.0
459,18,1,Maths,53.0,Physics,49.0,Data Structue,47.0
460,18,2,Maths,85.0,Physics,81.0,Data Structue,79.0
461,20,1,Maths,95.0,Physics,91.0,Data Structue,89.0
462,19,1,Maths,65.0,Physics,61.0,Data Structue,59.0
463,20,1,Maths,91.0,Physics,87.0,Data Structue,85.0
464,20,1,Maths,75.0,Physics,71.0,Data Structue,69.0
465,21,2,Maths,45.0,Physics,45.0,Data Structue,68.36717428087987
466,20,1,Maths,53.0,Physics,49.0,Data Structue,47.0
467,21,1,Maths,88.0,Physics,84.0,Data Structue,82.0
468,18,1,Maths,66.0,Physics,62.0,Data Structue,60.0
469,18,1,Maths,53.0,Physics,49.0,Data Structue,47.0
470,18,2,Maths,82.0,Physics,78.0,Data Structue,76.0
471,18,1,Maths,82.0,Physics,78.0,Data Structue,76.0
472,20,1,Maths,53.0,Physics,49.0,Data Structue,47.0
473,21,1,Maths,85.0,Physics,81.0,Data Structue,79.0
474,21,1,Maths,45.0,Physics,41.0,Data Structue,39.0
475,20,2,Maths,91.0,Physics,87.0,Data Structue,85.0
476,20,1,Maths,82.0,Physics,78.0,Data Structue,76.0
477,19,1,Maths,45.0,Physics,41.0,Data Structue,39.0
478,18,1,Maths,75.0,Physics,71.0,Data Structue,69.0
479,18,1,Maths,95.0,Physics,91.0,Data Structue,89.0
480,21,2,Maths,88.0,Physics,84.0,Data Structue,82.0
481,19,1,Maths,88.0,Physics,84.0,Data Structue,82.0
482,18,1,Maths,85.0,Physics,81.0,Data Structue,79.0
483,20,1,Maths,82.0,Physics,78.0,Data Structue,76.0
484,19,1,Maths,66.0,Physics,62.0,Data Structue,60.0
485,18,2,Maths,88.0,Physics,84.0,Data Structue,82.0
486,20,1,Maths,91.0,Physics,87.0,Data Structue,85.0
487,20,1,Maths,95.0,Physics,91.0,Data Structue,89.0
488,18,1,Maths,75.0,Physics,71.0,Data Structue,69.0
489,18,1,Maths,75.0,Physics,71.0,Data Structue,69.0
490,20,2,Maths,53.0,Physics,49.0,Data Structue,47.0
491,18,1,Maths,88.0,Physics,84.0,Data Structue,82.0
492,20,1,Maths,82.0,Physics,78.0,Data Structue,76.0
493,19,1,Maths,88.0,Physics,84.0,Data Structue,82.0
494,20,1,Maths,91.0,Physics,87.0,Data Structue,85.0
495,18,2,Maths,75.0,Physics,71.0,Data Structue,69.0
496,18,1,Maths,75.0,Physics,71.0,Data Structue,69.0
497,18,1,Maths,91.0,Physics,87.0,Data Structue,85.0
498,19,1,Maths,85.0,Physics,81.0,Data Structue,79.0
499,18,1,Maths,88.0,Physics,84.0,Data Structue,82.0
500,18,2,Maths,53.0,Physics,49.0,Data Structue,47.0
501,20,1,Maths,53.0,Physics,49.0,Data Structue,47.0
502,18,1,Maths,65.0,Physics,61.0,Data Structue,59.0
503,18,1,Maths,91.0,Physics,87.0,Data Structue,85.0
504,18,1,Maths,91.0,Physics,87.0,Data Structue,85.0
505,19,2,Maths,45.0,Physics,41.0,Data Structue,39.0
506,21,1,Maths,66.0,Physics,62.0,Data Structue,60.0
507,21,1,Maths,66.0,Physics,62.0,Data Structue,60.0
508,18,1,Maths,53.0,Physics,49.0,Data Structue,47.0
509,19,1,Maths,65.0,Physics,61.0,Data Structue,59.0
510,18,2,Maths,53.0,Physics,49.0,Data Structue,47.0
511,18,1,Maths,91.0,Physics,87.0,Data Structue,85.0
512,20,1,Maths,82.0,Physics,78.0,Data Structue,76.0
513,19,1,Maths,45.0,Physics,41.0,Data Structue,39.0
514,19,1,Maths,65.0,Physics,61.0,Data Structue,59.0
515,18,2,Maths,65.0,Physics,61.0,Data Structue,59.0
516,18,1,Maths,53.0,Physics,49.0,Data Structue,47.0
517,18,1,Maths,82.0,Physics,78.0,Data Structue,76.0
518,19,1,Maths,88.0,Physics,84.0,Data Structue,82.0
519,20,1,Maths,95.0,Physics,91.0,Data Structue,89.0
520,19,2,Maths,64.0,Physics,60.0,Data Structue,58.0
521,20,1,Maths,82.0,Physics,78.0,Data Structue,76.0
522,19,1,Maths,45.0,Physics,41.0,Data Structue,39.0
523,18,1,Maths,53.0,Physics,49.0,Data Structue,47.0
524,21,1,Maths,45.0,Physics,41.0,Data Structue,39.0
525,19,2,Maths,85.0,Physics,81.0,Data Structue,79.0
526,18,1,Maths,91.0,Physics,87.0,Data Structue,85.0
527,20,1,Maths,75.0,Physics,71.0,Data Structue,69.0
528,18,1,Maths,88.0,Physics,84.0,Data Structue,82.0
529,19,1,Maths,45.0,Physics,41.0,Data Structue,39.0
530,19,2,Maths,88.0,Physics,84.0,Data Structue,82.0
531,18,1,Maths,45.0,Physics,41.0,Data Structue,39.0
532,21,1,Maths,65.0,Physics,61.0,Data Structue,59.0
533,21,1,Maths,45.0,Physics,41.0,Data Structue,39.0
534,21,1,Maths,88.0,Physics,84.0,Data Structue,82.0
535,20,2,Maths,95.0,Physics,91.0,Data Structue,89.0
536,20,1,Maths,95.0,Physics,91.0,Data Structue,89.0
537,18,1,Maths,82.0,Physics,78.0,Data Structue,76.0
538,19,1,Maths,65.0,Physics,61.0,Data Structue,59.0
539,18,1,Maths,91.0,Physics,87.0,Data Structue,85.0
540,18,2,Maths,65.0,Physics,61.0,Data Structue,59.0
541,21,1,Maths,66.0,Physics,62.0,Data Structue,60.0
542,18,1,Maths,95.0,Physics,91.0,Data Structue,89.0
543,18,1,Maths,82.0,Physics,78.0,Data Structue,76.0
544,20,1,Maths,75.0,Physics,71.0,Data Structue,69.0
545,20,2,Maths,82.0,Physics,78.0,Data Structue,76.0
546,19,1,Maths,85.0,Physics,81.0,Data Structue,79.0
547,19,1,Maths,65.0,Physics,61.0,Data Structue,59.0
548,18,1,Maths,88.0,Physics,84.0,Data Structue,82.0
549,19,1,Maths,85.0,Physics,81.0,Data Structue,79.0
550,20,2,Maths,82.0,Physics,78.0,Data Structue,76.0
551,18,1,Maths,82.0,Physics,78.0,Data Structue,76.0
552,18,1,Maths,91.0,Physics,87.0,Data Structue,85.0
553,19,1,Maths,85.0,Physics,81.0,Data Structue,79.0
554,21,1,Maths,65.0,Physics,61.0,Data Structue,59.0
555,19,2,Maths,66.0,Physics,62.0,Data Structue,60.0
556,18,1,Maths,82.0,Physics,78.0,Data Structue,76.0
557,19,1,Maths,66.0,Physics,62.0,Data Structue,60.0
558,19,1,Maths,65.0,Physics,61.0,Data Structue,59.0
559,18,1,Maths,91.0,Physics,87.0,Data Structue,85.0
560,20,2,Maths,95.0,Physics,91.0,Data Structue,89.0
561,18,1,Maths,66.0,Physics,62.0,Data Structue,60.0
562,20,1,Maths,53.0,Physics,49.0,Data Structue,47.0
563,19,1,Maths,65.0,Physics,61.0,Data Structue,59.0
564,18,1,Maths,45.0,Physics,41.0,Data Structue,39.0
565,21,2,Maths,74.3489932885906,Physics,61.0,Data Structue,59.0
566,18,1,Maths,65.0,Physics,61.0,Data Structue,59.0
567,21,1,Maths,66.0,Physics,62.0,Data Structue,60.0
568,18,1,Maths,53.0,Physics,49.0,Data Structue,47.0
569,20,1,Maths,95.0,Physics,91.0,Data Structue,89.0
570,19,2,Maths,65.0,Physics,61.0,Data Structue,59.0
571,19,1,Maths,45.0,Physics,41.0,Data Structue,39.0
572,20,1,Maths,82.0,Physics,78.0,Data Structue,76.0
573,18,1,Maths,53.0,Physics,49.0,Data Structue,47.0
574,18,1,Maths,85.0,Physics,81.0,Data Structue,79.0
575,20,2,Maths,75.0,Physics,71.0,Data Structue,69.0
576,21,1,Maths,85.0,Physics,81.0,Data Structue,79.0
577,18,1,Maths,75.0,Physics,71.0,Data Structue,69.0
578,19,1,Maths,85.0,Physics,81.0,Data Structue,79.0
579,18,1,Maths,82.0,Physics,78.0,Data Structue,76.0
580,21,2,Maths,65.0,Physics,61.0,Data Structue,59.0
581,18,1,Maths,95.0,Physics,91.0,Data Structue,89.0
582,20,1,Maths,91.0,Physics,87.0,Data Structue,85.0
583,21,1,Maths,45.0,Physics,41.0,Data Structue,39.0
584,18,1,Maths,95.0,Physics,91.0,Data Structue,89.0
585,18,2,Maths,91.0,Physics,87.0,Data Structue,85.0
586,20,1,Maths,53.0,Physics,49.0,Data Structue,47.0
587,19,1,Maths,85.0,Physics,81.0,Data Structue,79.0
588,18,1,Maths,45.0,Physics,41.0,Data Structue,39.0
589,19,1,Maths,88.0,Physics,84.0,Data Structue,82.0
590,20,2,Maths,82.0,Physics,78.0,Data Structue,76.0
591,19,1,Maths,65.0,Physics,61.0,Data Structue,59.0
592,19,1,Maths,88.0,Physics,84.0,Data Structue,82.0
593,20,1,Maths,91.0,Physics,87.0,Data Structue,85.0
594,19,1,Maths,88.0,Physics,84.0,Data Structue,82.0
595,19,2,Maths,45.0,Physics,41.0,Data Structue,39.0
596,18,1,Maths,75.0,Physics,71.0,Data Structue,69.0
597,20,1,Maths,53.0,Physics,49.0,Data Structue,47.0
598,20,1,Maths,75.0,Physics,71.0,Data Structue,69.0
599,19,1,Maths,88.0,Physics,69.0,Data Structue,68.36717428087987
